[{"date":"2021-03-15T00:00:00Z","event":"http://www.wikidata.org/entity/Q10377272","eventLabel":"TV Kids"},{"date":"2021-03-13T00:00:00Z","event":"http://www.wikidata.org/entity/Q29325343","eventLabel":"2021 Western Australian state election"},{"date":"2021-03-07T00:00:00Z","event":"http://www.wikidata.org/entity/Q56401728","eventLabel":"2021 FC Barcelona presidential election"},{"date":"2021-03-07T00:00:00Z","event":"http://www.wikidata.org/entity/Q56401728","eventLabel":"2021 FC Barcelona presidential election"},{"date":"2021-03-02T00:00:00Z","event":"http://www.wikidata.org/entity/Q97164943","eventLabel":"The Flash, season 7"},{"date":"2021-03-06T00:00:00Z","event":"http://www.wikidata.org/entity/Q97579469","eventLabel":"35th Goya Awards"},{"date":"2021-03-12T00:00:00Z","event":"http://www.wikidata.org/entity/Q103838587","eventLabel":"Koh-Lanta, season 22"},{"date":"2021-03-04T00:00:00Z","event":"http://www.wikidata.org/entity/Q104099653","eventLabel":"2020–21 Biathlon World Cup – Stage 8"},{"date":"2021-03-02T00:00:00Z","event":"http://www.wikidata.org/entity/Q104119030","eventLabel":"VIII Premios Feroz"},{"date":"2021-03-15T00:00:00Z","event":"http://www.wikidata.org/entity/Q104414748"}]